,fruit_label,rndm_fruit_id,rndm_def
0,acerola ,http://purl.obolibrary.org/obo/FOODON_00003593,A drupe fruit of an acerola plant.(Malpighia emarginata)
1,acorn ,http://purl.obolibrary.org/obo/FOODON_00003591,A nut fruit from an oak tree (Quercus).
2,acorn squash ,http://purl.obolibrary.org/obo/FOODON_00003599,A pepo fruit of an acorn squash plant (Cucurbita pepo var. ovifera).
3,akee ,http://purl.obolibrary.org/obo/FOODON_00003489,A fruit of an akee tree which is poisonous until cooked (Blighia sapida).
4,alaska blueberry ,http://purl.obolibrary.org/obo/FOODON_00004209,A whole raw Alaska blueberry.
5,almond ,http://purl.obolibrary.org/obo/FOODON_00003523,A drupe fruit of an almond plant (Prunus dulcis).
6,almond kernel ,http://purl.obolibrary.org/obo/FOODON_03311337,A kernel of an almond nut
7,amarelle cherry ,http://purl.obolibrary.org/obo/FOODON_00004214,A whole raw Amarelle cherry.
8,anjou pear ,http://purl.obolibrary.org/obo/FOODON_00004230,A whole pear from an Anjou pear tree.
9,apple ,http://purl.obolibrary.org/obo/FOODON_03301710,A whole raw apple is an apple harvested from an apple tree. It may include a stem. It has not been subject to cooking or preservation processes other than cold storage or waxing.
10,apricot ,http://purl.obolibrary.org/obo/FOODON_00003476,A drupe fruit of an apricot tree (Prunus armeniaca).
11,arabica coffee bean ,http://purl.obolibrary.org/obo/FOODON_00003399,A drupe fruit of the arabica coffee plant (Coffea arabica).
12,asian pear ,http://purl.obolibrary.org/obo/FOODON_00003607,A pome fruit of an asian pear plant (Pyrus pyrifolia)
13,avocado ,http://purl.obolibrary.org/obo/FOODON_03305236,A berry fruit of an avocado plant (Persea americana)
14,baby zucchini squash ,http://purl.obolibrary.org/obo/FOODON_03000098,A whole raw baby zucchini.
15,banana ,http://purl.obolibrary.org/obo/FOODON_00004183,A berry fruit from a banana tree (genus Musa).
16,banana passionfruit ,http://purl.obolibrary.org/obo/FOODON_00003608,A pepo fruit of a banana passionfruit plant.
17,banana pepper ,http://purl.obolibrary.org/obo/FOODON_03000126,A berry fruit of a banana pepper plant.
18,bayberry ,http://purl.obolibrary.org/obo/FOODON_00003609,"Bayberry is a sweet, crimson to dark purple-red, fruit from the Myrica rubra tree."
19,beechnut ,http://purl.obolibrary.org/obo/FOODON_00003627,A fruit of a beechtree.
20,bell pepper ,http://purl.obolibrary.org/obo/FOODON_00003546,A berry fruit in the Grossum cultivar group of a bell pepper plant.
21,berry ,http://purl.obolibrary.org/obo/FOODON_00003521,"A juicy, rounded, brightly colored fruit without a stone or pit, though pips or seeds may be present."
22,bitter gourd pod ,http://purl.obolibrary.org/obo/FOODON_03000108,A pod of a bitter gourd plant (Momordica charantia).
23,black currant ,http://purl.obolibrary.org/obo/FOODON_00003606,A black-purple berry fruit of a black currant plant (Ribes nigrum)
24,black grape ,http://purl.obolibrary.org/obo/FOODON_00003610,A berry fruit of a wine grape variety which have deep red or almost black skin.
25,black olive ,http://purl.obolibrary.org/obo/FOODON_00003025,A fully mature black/purple/brown colored drupe fruit of an olive tree (Olea europaea).
26,black raspberry ,http://purl.obolibrary.org/obo/FOODON_00003490,A drupelet fruit of a black raspberry plant (Rubus occidentalis).
27,black walnut ,http://purl.obolibrary.org/obo/FOODON_00003611,A drupe fruit of a walnut tree (Juglans nigra)
28,blackberry ,http://purl.obolibrary.org/obo/FOODON_00003487,A drupelet fruit of a blackberry plant.
29,blood orange ,http://purl.obolibrary.org/obo/FOODON_00004198,"A variety of orange (Citrus × sinensis) with crimson, almost blood-colored flesh."
30,blue plum ,http://purl.obolibrary.org/obo/FOODON_00003535,A drupe fruit of a blue plum plant.
31,blueberry ,http://purl.obolibrary.org/obo/FOODON_00003541,A berry fruit of a blueberry plant.
32,bosc pear ,http://purl.obolibrary.org/obo/FOODON_00002509,"The Beurré Bosc or Bosc is a cultivar of the European Pear (Pyrus communis) from France or Belgium originally. Also known as the Kaiser , it is grown in Europe, Australia, British Columbia and Ontario, Canada, and the northwestern U.S. states of California, Washington, and Oregon;"
33,boysenberry ,http://purl.obolibrary.org/obo/FOODON_00003556,A drupelet fruit of a boysenberry plant (R. ursinus × R. idaeus).
34,bramble berry ,http://purl.obolibrary.org/obo/FOODON_00003775,A berry fruit of a bramble berry plant.
35,breadfruit ,http://purl.obolibrary.org/obo/FOODON_00003628,A fruit multiple of a breadfruit tree (Artocarpus altilis)
36,butternut squash ,http://purl.obolibrary.org/obo/FOODON_00002981,A squash harvested from the butternut squash plant.
37,california valencia orange ,http://purl.obolibrary.org/obo/FOODON_03309926,A hesperidium fruit of a california valencia orange plant.
38,cantaloupe ,http://purl.obolibrary.org/obo/FOODON_00003577,A pepo fruit of a cantaloupe plant (Cucumis melo var. cantalupo).
39,casaba melon ,http://purl.obolibrary.org/obo/FOODON_00004210,A pepo fruit from a casaba melon plant.
40,cashew nut ,http://purl.obolibrary.org/obo/FOODON_00003615,A nut fruit from a cashew tree (Anacardium occidentale)
41,cavendish banana ,http://purl.obolibrary.org/obo/FOODON_03316257,A berry fruit of a banana tree (Musa acuminata AAA Group).
42,cayenne pepper ,http://purl.obolibrary.org/obo/FOODON_00003798,A berry fruit of a cayenne pepper plant cultivar.
43,chayote ,http://purl.obolibrary.org/obo/FOODON_00003653,A pepo fruit of a chayote plant (Sicyos edulis)
44,cherimoya fruit ,http://purl.obolibrary.org/obo/FOODON_00003616,A fruit of a cherimoya plant (Annona cherimola)
45,cherry ,http://purl.obolibrary.org/obo/FOODON_03301240,An edible drupe fruit of a cherry plant.
46,chestnut ,http://purl.obolibrary.org/obo/FOODON_00003563,A nut fruit of a chestnut tree (Castanea).
47,chili pepper ,http://purl.obolibrary.org/obo/FOODON_00003744,A berry fruit of a chili pepper plant.
48,chinese chestnut ,http://purl.obolibrary.org/obo/FOODON_00004260,A whole chestnut from a chinese chestnut tree (Castanea mollissima).
49,chokecherry ,http://purl.obolibrary.org/obo/FOODON_00004222,A whole berry of a chokecherry plant (Prunus virginiana).
50,citron ,http://purl.obolibrary.org/obo/FOODON_03306596,A hesperidium fruit of a citron plant (Citrus medica).
51,citrus fruit ,http://purl.obolibrary.org/obo/FOODON_03301337,A hesperidium fruit of a citrus plant (Citrus).
52,clementine ,http://purl.obolibrary.org/obo/FOODON_03303079,A hesperidium fruit of a clementine plant (Citrus clementina)
53,clingstone peach ,http://purl.obolibrary.org/obo/FOODON_00003481,A peach with a pit that clings to the pulp of the fruit.
54,cloudberry ,http://purl.obolibrary.org/obo/FOODON_00003480,A drupelet fruit of a cloudberry plant (Rubus chamaemorus).
55,coconut ,http://purl.obolibrary.org/obo/FOODON_00003449,A drupe fruit of a coconut palm tree (Cocos nucifera).
56,common hazelnut ,http://purl.obolibrary.org/obo/FOODON_00003418,A nut fruit of a common hazelnut tree (Corylus avellana)
57,common pear ,http://purl.obolibrary.org/obo/FOODON_00003576,A pome fruit of a common pear plant (Pyrus communis)
58,cowpea pod ,http://purl.obolibrary.org/obo/FOODON_03000101,A young pod of a cowpea plant (Vigna unguiculata).
59,crabapple ,http://purl.obolibrary.org/obo/FOODON_00003651,A pome fruit from a crabapple tree.
60,cranberry ,http://purl.obolibrary.org/obo/FOODON_00003657,A berry fruit of a cranberry plant.
61,crookneck squash ,http://purl.obolibrary.org/obo/FOODON_03000081,A cultivar of Cucurbita pepo.
62,cucumber ,http://purl.obolibrary.org/obo/FOODON_00003415,A pepo fruit of a cucumber plant (Cucumis sativus).
63,cupuaçu fruit ,http://purl.obolibrary.org/obo/FOODON_00003617,A fruit from a cupuaçu plant (Theobroma grandiflorum).
64,custard apple ,http://purl.obolibrary.org/obo/FOODON_00003660,An aggregate fruit of a custard apple plant (Annona squamosa).
65,d'anjou pear ,http://purl.obolibrary.org/obo/FOODON_00004230,A whole pear from an Anjou pear tree.
66,date ,http://purl.obolibrary.org/obo/FOODON_03301246,A drupe fruit of a date plant (Phoenix dactylifera)
67,dewberry ,http://purl.obolibrary.org/obo/FOODON_00003557,A drupelet fruit of a dewberry plant.
68,durian ,http://purl.obolibrary.org/obo/FOODON_00003665,A fruit from a durian tree.
69,eggplant ,http://purl.obolibrary.org/obo/FOODON_00003618,A berry fruit of an eggplant (Solanum melongena)
70,elderberry ,http://purl.obolibrary.org/obo/FOODON_00003678,A berry fruit of an elderberry plant.
71,endive head ,http://purl.obolibrary.org/obo/FOODON_00004236,A rosette of an endive plant.
72,english walnut ,http://purl.obolibrary.org/obo/FOODON_00004148,A drupe fruit of an english walnut tree (Juglans regia).
73,european chestnut ,http://purl.obolibrary.org/obo/FOODON_00003655,A nut fruit from an european chestnut tree (Castanea sativa)
74,european plum ,http://purl.obolibrary.org/obo/FOODON_00004149,A drupe fruit of a European plum bush (Prunus domestica).
75,fennel bulb ,http://purl.obolibrary.org/obo/FOODON_03000120,A fruit of a fennel plant (Foeniculum vulgare).
76,fennel seed ,http://purl.obolibrary.org/obo/FOODON_00004266,A whole seed from a fennel plant (Foeniculum).
77,fig ,http://purl.obolibrary.org/obo/FOODON_00003266,A fruit multiple of a fig plant (Ficus carica).
78,filbert nut ,http://purl.obolibrary.org/obo/FOODON_00003669,A nut fruit of a filbert plant (Corylus maxima).
79,freestone peach ,http://purl.obolibrary.org/obo/FOODON_00003482,A peach with a pit that is easily seperable from its fruit pulp.
80,fuji apple ,http://purl.obolibrary.org/obo/FOODON_00002862,A pome fruit of a Fuji apple tree cultivar.
81,fuzzy kiwifruit ,http://purl.obolibrary.org/obo/FOODON_00003578,A berry fruit of a kiwifruit plant (Actinidia deliciosa).
82,gala apple ,http://purl.obolibrary.org/obo/FOODON_00003348,A pome fruit of a Gala apple tree cultivar.
83,golden delicious apple ,http://purl.obolibrary.org/obo/FOODON_00004202,A pome fruit of a Golden Delicious apple tree cultivar.
84,golden kiwifruit ,http://purl.obolibrary.org/obo/FOODON_00004133,A berry fruit from an Actinidia chinensis tree
85,golden oriental grapefruit ,http://purl.obolibrary.org/obo/FOODON_03306687,None
86,gooseberry ,http://purl.obolibrary.org/obo/FOODON_00003543,A berry fruit of a gooseberry plant (Ribes uva-crispa).
87,granny smith apple ,http://purl.obolibrary.org/obo/FOODON_00002853,A pome fruit of a Granny Smith apple tree cultivar.
88,grape ,http://purl.obolibrary.org/obo/FOODON_00003417,A berry fruit of a grape plant.
89,grape tomato ,http://purl.obolibrary.org/obo/FOODON_00003299,"A class of tomatoes believed to be of southeast Asian origin, shaped similarly to the oval plum tomatoes but having the small size and sweetness of cherry tomatoes. Grape tomatoes produce small and typically oblong fruits."
90,grapefruit ,http://purl.obolibrary.org/obo/FOODON_03301702,A hesperidium fruit of a grapefruit tree (Citrus x paradisi).
91,green anjou pear ,http://purl.obolibrary.org/obo/FOODON_00004233,A whole raw green D'Anjou pear.
92,green bean pod ,http://purl.obolibrary.org/obo/FOODON_03305806,"An unripe, young fruit of various cultivars of a common bean plant (Phaseolus vulgaris)."
93,green d'anjou pear ,http://purl.obolibrary.org/obo/FOODON_00004233,A whole raw green D'Anjou pear.
94,green olive ,http://purl.obolibrary.org/obo/FOODON_03301269,None
95,green tomato ,http://purl.obolibrary.org/obo/FOODON_03309573,A berry fruit of a green tomato plant.
96,guava ,http://purl.obolibrary.org/obo/FOODON_00003622,A berry fruit of a guava plant.
97,heart of palm ,http://purl.obolibrary.org/obo/FOODON_03306832,None
98,heirloom tomato ,http://purl.obolibrary.org/obo/FOODON_00002928,"An heirloom tomato is an open-pollinated (non-hybrid) heirloom cultivar of tomato, that can be classified into four categories: family heirlooms, commercial heirlooms, mystery heirlooms, and created heirlooms. They usually have a shorter shelf life and less disease resistance than hybrids bred to resist against specific diseases."
99,hickory nut ,http://purl.obolibrary.org/obo/FOODON_00003089,A hickory nut is technically a drupe fruit of the hickory plant.
100,honeycrisp apple ,http://purl.obolibrary.org/obo/FOODON_00003519,None
101,honeydew melon ,http://purl.obolibrary.org/obo/FOODON_00003598,"A cultivar of a muskmelon, inodorus group plant."
102,horned melon ,http://purl.obolibrary.org/obo/FOODON_00003658,A pepo fruit from a horned melon tree (Cucumis metulifer).
103,hot pepper ,http://purl.obolibrary.org/obo/FOODON_00003545,A berry fruit of a hot pepper plant.
104,hubbard squash ,http://purl.obolibrary.org/obo/FOODON_03000075,"A pepo fruit of a hubbard squash plant, which is a cultivar of Cucurbita maxima."
105,huckleberry ,http://purl.obolibrary.org/obo/FOODON_00003544,A berry fruit of a huckleberry plant.
106,hungarian wax pepper ,http://purl.obolibrary.org/obo/FOODON_03000130,A berry fruit of a hungarian wax pepper plant.
107,italian prune plum ,http://purl.obolibrary.org/obo/FOODON_00003813,A dried drupe fruit of an italian prune plum plant (Prunus cocomili)
108,jackfruit ,http://purl.obolibrary.org/obo/FOODON_00003457,A fruit multiple of a jackfruit tree (Artocarpus heterophyllus).
109,jalapeno pepper ,http://purl.obolibrary.org/obo/FOODON_00003494,A berry fruit of a jalapeno pepper plant (Capsicum annuum).
110,japanese chestnut ,http://purl.obolibrary.org/obo/FOODON_00003654,A nut fruit from a japanese chestnut tree (Castanea crenata)
111,japanese persimmon ,http://purl.obolibrary.org/obo/FOODON_00004240,None
112,java apple ,http://purl.obolibrary.org/obo/FOODON_00003626,A berry fruit from a java apple tree (Syzygium samarangense)
113,jujube fruit ,http://purl.obolibrary.org/obo/FOODON_00003652,A drupe fruit of a jujube plant (Ziziphus jujuba).
114,kiwifruit ,http://purl.obolibrary.org/obo/FOODON_03303398,"Kiwifruit (often abbreviated as kiwi), or Chinese gooseberry, is the edible berry of several species of woody vines in the genus Actinidia."
115,kola nut pod ,http://purl.obolibrary.org/obo/FOODON_00003668,A pod of a kola tree (Cola acuminata).
116,kumquat ,http://purl.obolibrary.org/obo/FOODON_03306597,A hesperidium fruit of a kumquat plant (Citrus japonica)
117,lemon ,http://purl.obolibrary.org/obo/FOODON_03301441,A hesperidium fruit of a lemon plant (Citrus limon)
118,lime ,http://purl.obolibrary.org/obo/FOODON_00003661,A hesperidium fruit of a lime plant.
119,lingonberry ,http://purl.obolibrary.org/obo/FOODON_00003542,A berry fruit of a lingonberry plant (Vaccinium vitis-idaea).
120,loganberry ,http://purl.obolibrary.org/obo/FOODON_00003479,A drupelet fruit of a loganberry plant (Rubus x loganobaccus).
121,longan ,http://purl.obolibrary.org/obo/FOODON_00003677,A drupe fruit of a longan plant (Dimocarpus longan)
122,loquat ,http://purl.obolibrary.org/obo/FOODON_00003672,A pome fruit from a louqat tree (Rhaphiolepis bibas).
123,lychee ,http://purl.obolibrary.org/obo/FOODON_00004228,A whole raw lychee fruit.
124,malus sieversii apple ,http://purl.obolibrary.org/obo/FOODON_00004185,A pome fruit from a Malus sieversii tree.
125,mamey apple ,http://purl.obolibrary.org/obo/FOODON_00004200,A whole raw mamey apple (berry)
126,manchurian pear ,http://purl.obolibrary.org/obo/FOODON_00004152,A drupe fruit of a Manchurian pear tree (Pyrus ussuriensis).
127,mandarin orange ,http://purl.obolibrary.org/obo/FOODON_00003555,A hesperidium fruit of a mandarin orange tree (Citrus reticulata).
128,mango ,http://purl.obolibrary.org/obo/FOODON_00003538,A drupe fruit of a mango tree (Mangifera indica).
129,mangosteen ,http://purl.obolibrary.org/obo/FOODON_00003568,A fruit of a mangosteen plant (Garcinia mangostana).
130,md2 super sweet pineapple ,http://purl.obolibrary.org/obo/FOODON_00004238,A raw whole pineapple which is an MD2 variety.
131,melon ,http://purl.obolibrary.org/obo/FOODON_00003597,A pepo fruit of a melon plant.
132,miniature tomato ,http://purl.obolibrary.org/obo/FOODON_03311800,A berry fruit of a miniature tomato plant.
133,miracle berry ,http://purl.obolibrary.org/obo/FOODON_00003671,A berry fruit of a miracle fruit plant (Synsepalum dulcificum).
134,morello cherry ,http://purl.obolibrary.org/obo/FOODON_00004215,A whole raw Morello cherry.
135,mulberry ,http://purl.obolibrary.org/obo/FOODON_00003676,A fruit multiple from a mulberry tree (Morus <eudicots>).
136,musa balbisiana banana ,http://purl.obolibrary.org/obo/FOODON_00004181,A berry fruit from a Musa balbisiana tree.
137,muscadine grape ,http://purl.obolibrary.org/obo/FOODON_03304854,None
138,muskmelon ,http://purl.obolibrary.org/obo/FOODON_00003596,A pepo fruit of a muskmelon plant (Cucumis melo )
139,naranjilla ,http://purl.obolibrary.org/obo/FOODON_00003688,A berry fruit of a naranjilla plant (Solanum quitoense)
140,natal plum ,http://purl.obolibrary.org/obo/FOODON_00003680,A berry fruit of a natal plum plant (Carissa macrocarpa).
141,navel orange ,http://purl.obolibrary.org/obo/FOODON_00003579,A hesperidium fruit of a navel orange plant (Citrus sinensis)
142,nectarine ,http://purl.obolibrary.org/obo/FOODON_00003585,A drupe fruit of a nectarine tree (Prunus persica var. nectarina).
143,oheloberry ,http://purl.obolibrary.org/obo/FOODON_00002872,"The oheloberry is an edible berry 8–14 mm (0.31–0.55 in) diameter, ranging in color from blue to purple to red to orange to yellow, harvested from the oheloberry plant."
144,okra ,http://purl.obolibrary.org/obo/FOODON_03301828,None
145,okra pod ,http://purl.obolibrary.org/obo/FOODON_00003681,A pod of an okra plant (Abelmoschus esculentus)
146,olallieberry ,http://purl.obolibrary.org/obo/FOODON_00003749,A berry fruit of an olallieberry plant (Blackberry 'Black Logan' × youngberry)
147,olive ,http://purl.obolibrary.org/obo/FOODON_03317509,A drupe fruit of an olive tree (Olea europaea).
148,orange ,http://purl.obolibrary.org/obo/FOODON_03309832,The orange is the fruit of the citrus species Citrus × sinensis in the family Rutaceae.
149,orange bell pepper ,http://purl.obolibrary.org/obo/FOODON_00003016,None
150,orange tomato ,http://purl.obolibrary.org/obo/FOODON_03000144,A berry fruit of an orange tomato plant.
151,otaheite gooseberry ,http://purl.obolibrary.org/obo/FOODON_00003721,A berry fruit of a otaheite gooseberry plant (Phyllanthus acidus)
152,papaya ,http://purl.obolibrary.org/obo/FOODON_00003540,A pepo fruit of a papaya tree (Carica papaya).
153,passion fruit ,http://purl.obolibrary.org/obo/FOODON_00003675,A pepo fruit of a passion fruit plant (Passiflora edulis).
154,pattypan squash ,http://purl.obolibrary.org/obo/FOODON_00003707,"A pepo fruit of a pattypan squash plant, a varietal of summer squash."
155,pawpaw ,http://purl.obolibrary.org/obo/FOODON_00003710,A berry fruit of a pawpaw plant (Asimina triloba)
156,peach ,http://purl.obolibrary.org/obo/FOODON_03301719,A drupe fruit of a peach tree (Prunus persica)
157,pear ,http://purl.obolibrary.org/obo/FOODON_00003041,A pome fruit of a pear tree.
158,pear tomato ,http://purl.obolibrary.org/obo/FOODON_00003313,"A group of indeterminate heirloom tomatoes in the shape of a pear, but smaller, and having yellow, orange, and red varieties."
159,pecan ,http://purl.obolibrary.org/obo/FOODON_00003699,A drupe fruit of a pecan plant (Carya illinoinensis)
160,pepper ,http://purl.obolibrary.org/obo/FOODON_00003520,A berry fruit of a pepper plant (Capsicum)
161,persimmon ,http://purl.obolibrary.org/obo/FOODON_00003723,A berry fruit of a persimmon plant (genus Diospyros).
162,pili nut ,http://purl.obolibrary.org/obo/FOODON_00003722,A drupe fruit from a pili tree (Canarium ovatum)
163,pimiento ,http://purl.obolibrary.org/obo/FOODON_00003484,A berry fruit of a pimiento pepper plant.
164,pineapple ,http://purl.obolibrary.org/obo/FOODON_00003459,A fruit multiple from a pineapple tree (Ananas comosus).
165,pink apple ,http://purl.obolibrary.org/obo/FOODON_00004186,A whole Pink apple which is raw.
166,pink grapefruit ,http://purl.obolibrary.org/obo/FOODON_03311296,None
167,pink peppercorn ,http://purl.obolibrary.org/obo/FOODON_00003810,A berry fruit from a pink peppercorn tree (Schinus molle).
168,pistachio nut ,http://purl.obolibrary.org/obo/FOODON_00003691,A drupe fruit of a pistachio plant (Pistacia vera).
169,plantain ,http://purl.obolibrary.org/obo/FOODON_00003784,A berry fruit of a plantain plant (Musa ABB Group)
170,plum ,http://purl.obolibrary.org/obo/FOODON_03301580,A plum is the fruit of a plum plant.
171,plum tomato ,http://purl.obolibrary.org/obo/FOODON_00003756,A berry fruit of a plum tomato plant.
172,pomegranate ,http://purl.obolibrary.org/obo/FOODON_00003679,A berry fruit of a pomegranate plant (Punica granatum).
173,pomelo fruit ,http://purl.obolibrary.org/obo/FOODON_00003027,A whole citrus fruit of a pomelo tree (Citrus maxima).
174,prickly pear pad ,http://purl.obolibrary.org/obo/FOODON_00004238,A raw whole pineapple which is an MD2 variety.
175,prune ,http://purl.obolibrary.org/obo/FOODON_03301721,A whole plum which is partially or fully dried.
176,pumpkin ,http://purl.obolibrary.org/obo/FOODON_00003486,An orange-yellow pepo fruit of a pumpkin plant.
177,purple plum ,http://purl.obolibrary.org/obo/FOODON_03311302,A drupe fruit of a purple plum plant.
178,pyracantha berry ,http://purl.obolibrary.org/obo/FOODON_00003696,A pome fruit of a pyracantha berry plant (Pyracantha)
179,quince ,http://purl.obolibrary.org/obo/FOODON_00003724,A pome fruit of a quince plant (Cydonia oblonga)
180,raisin ,http://purl.obolibrary.org/obo/FOODON_03301283,None
181,rambutan ,http://purl.obolibrary.org/obo/FOODON_00003720,A drupe fruit of a rambutan plant (Nephelium lappaceum)
182,raspberry ,http://purl.obolibrary.org/obo/FOODON_00003433,An aggregate fruit of a raspberry plant.
183,red abyssinian banana ,http://purl.obolibrary.org/obo/FOODON_00002795,None
184,red abyssinian banana corm ,http://purl.obolibrary.org/obo/FOODON_00003771,A corm of a red Abyssinian banana plant (Ensete ventricosum)
185,red anjou pear ,http://purl.obolibrary.org/obo/FOODON_00004232,A whole raw red D'Anjou pear.
186,red banana ,http://purl.obolibrary.org/obo/FOODON_00002794,None
187,red currant ,http://purl.obolibrary.org/obo/FOODON_00003766,A berry fruit of a red currant plant (Ribes rubrum).
188,red d'anjou pear ,http://purl.obolibrary.org/obo/FOODON_00004232,A whole raw red D'Anjou pear.
189,red delicious apple ,http://purl.obolibrary.org/obo/FOODON_00004201,A raw Red Delicious apple.
190,red grape ,http://purl.obolibrary.org/obo/FOODON_00003778,A berry fruit of a red grape plant.
191,red grapefruit ,http://purl.obolibrary.org/obo/FOODON_03305561,None
192,red pear tomato ,http://purl.obolibrary.org/obo/FOODON_00003831,A red colored pear shaped heirloom varietal of a tomato plant.
193,red plum ,http://purl.obolibrary.org/obo/FOODON_03310147,A drupe fruit of a red plum plant.
194,red raspberry ,http://purl.obolibrary.org/obo/FOODON_00003729,An aggregate fruit of a red raspberry plant (Rubus idaeus)
195,ribier grape ,http://purl.obolibrary.org/obo/FOODON_00003776,A berry fruit of a ribier grape plant.
196,ridge gourd ,http://purl.obolibrary.org/obo/FOODON_00003713,A pepo fruit of a ridge gourd plant.
197,river tamarind pod ,http://purl.obolibrary.org/obo/FOODON_00003902,A pod of a river tamarind plant (Leucaena leucocephala).
198,rose hip ,http://purl.obolibrary.org/obo/FOODON_00003746,An aggregate fruit of a rose plant.
199,rowal fruit ,http://purl.obolibrary.org/obo/FOODON_00004246,A fruit of a rowal tree (Pangium edule).
200,saba banana ,http://purl.obolibrary.org/obo/FOODON_00004180,A berry fruit from a Saba banana tree (Musa acuminata × balbisiana (ABB Group) 'Saba').
201,sacred pear ,http://purl.obolibrary.org/obo/FOODON_00003687,A berry fruit of a sacred pear plant(Crateva religiosa)
202,sair date ,http://purl.obolibrary.org/obo/FOODON_00003764,A drupe fruit of a sair date plant cultivar.
203,salmonberry ,http://purl.obolibrary.org/obo/FOODON_00003689,An aggregate fruit of a salmonberry plant (Rubus spectabilis).
204,sapodilla fruit ,http://purl.obolibrary.org/obo/FOODON_00004250,A whole sapodilla fruit.
205,seeded raisin ,http://purl.obolibrary.org/obo/FOODON_03315829,None
206,seedless golden raisin ,http://purl.obolibrary.org/obo/FOODON_00004264,None
207,seedless raisin ,http://purl.obolibrary.org/obo/FOODON_03311488,None
208,seedless white grape ,http://purl.obolibrary.org/obo/FOODON_00003772,A berry fruit of a seedless white grape plant.
209,serrano pepper,http://purl.obolibrary.org/obo/FOODON_03000128,A berry fruit of a serrano pepper plant.
210,seville orange ,http://purl.obolibrary.org/obo/FOODON_03306372,A hesperidium fruit of a seville prange plant (Citrus aurantium)
211,shea fruit ,http://purl.obolibrary.org/obo/FOODON_00003692,A fruit of a shea tree (Vitellaria paradoxa).
212,sour cherry ,http://purl.obolibrary.org/obo/FOODON_00004218,A whole raw sour cherry.
213,soursop ,http://purl.obolibrary.org/obo/FOODON_00002937,An aggregate fruit of a soursop plant (Annona muricata)
214,spaghetti squash ,http://purl.obolibrary.org/obo/FOODON_03000077,A group of cultivar of Cucurbita pepo subsp. pepo.
215,sponge gourd ,http://purl.obolibrary.org/obo/FOODON_03000109,A pepo fruit of a sponge gourd plant (Luffa aegyptiaca).
216,squash ,http://purl.obolibrary.org/obo/FOODON_00003539,A pepo fruit varietal of a squash plant (Cucurbita).
217,squashberry ,http://purl.obolibrary.org/obo/FOODON_00003719,A berry fruit of a squashberry plant (Viburnum edule)
218,star apple ,http://purl.obolibrary.org/obo/FOODON_00003569,A fruit of a star apple tree (Chrysophyllum cainito).
219,star fruit ,http://purl.obolibrary.org/obo/FOODON_00003101,A berry fruit from a star fruit plant (Averrhoa carambola)
220,straightneck squash ,http://purl.obolibrary.org/obo/FOODON_03000079,A cultivated varietal of Cucurbita pepo.
221,strawberry ,http://purl.obolibrary.org/obo/FOODON_00003443,An aggregate fruit of strawberry plant  (Fragaria x ananassa).
222,strawberry guava ,http://purl.obolibrary.org/obo/FOODON_00004224,A whole fruit of a strawberry guava tree (Psidium cattleyanum).
223,sultana raisin ,http://purl.obolibrary.org/obo/FOODON_03305819,None
224,sumac fruit ,http://purl.obolibrary.org/obo/FOODON_00003733,A drupe fruit of a sumac fruit.
225,summer squash ,http://purl.obolibrary.org/obo/FOODON_00003708,A pepo fruit of a summer squash plant.
226,sweet cherry ,http://purl.obolibrary.org/obo/FOODON_03311457,A drupe fruit of a sweet cherry plant (Prunus avium).
227,sweet green bell pepper ,http://purl.obolibrary.org/obo/FOODON_00003547,An immature green colored berry fruit of a bell pepper plant cultivar.
228,sweet green pepper ,http://purl.obolibrary.org/obo/FOODON_03306726,None
229,sweet orange bell pepper ,http://purl.obolibrary.org/obo/FOODON_00003550,A mature orange colored berry fruit of a bell pepper plant cultivar.
230,sweet red bell pepper ,http://purl.obolibrary.org/obo/FOODON_00003485,A ripened red colored berry fruit of a bell pepper plant cultivar.
231,sweet yellow bell pepper ,http://purl.obolibrary.org/obo/FOODON_00003548,A mature yellow colored berry fruit of a bell pepper plant cultivar.
232,tamarillo ,http://purl.obolibrary.org/obo/FOODON_00003730,A berry fruit of a tamarillo plant (Solanum betaceum)
233,tangelo ,http://purl.obolibrary.org/obo/FOODON_00003731,A hesperidium fruit of a tangelo plant (Citrus x tangelo)
234,tangerine ,http://purl.obolibrary.org/obo/FOODON_00003488,A hesperidium fruit of a tangerine tree (Citrus tangerina).
235,tango apple ,http://purl.obolibrary.org/obo/FOODON_00002973,An apple harvested from a Tango apple tree cultivar.
236,tinda ,http://purl.obolibrary.org/obo/FOODON_03000161,An immature fruit of a tinda plant (Praecitrullus fistulosus).
237,tomatillo ,http://purl.obolibrary.org/obo/FOODON_00003745,A berry fruit of a tomatillo plant (Physalis philadelphica)
238,tomato ,http://purl.obolibrary.org/obo/FOODON_03309927,"A berry fruit of a tomato plant, grown under controlled greenhouse conditions."
239,tropical fruit ,http://purl.obolibrary.org/obo/FOODON_00003567,A fruit of a tropical or subtropical fruit producing plant.
240,walnut ,http://purl.obolibrary.org/obo/FOODON_03301364,A drupe fruit from a walnut tree (Juglans).
241,watermelon ,http://purl.obolibrary.org/obo/FOODON_00003673,A pepo fruit of a watermelon plant (Citrullus lanatus subsp. vulgaris).
242,white grape ,http://purl.obolibrary.org/obo/FOODON_00003777,A berry fruit of a white grape plant.
243,white grapefruit ,http://purl.obolibrary.org/obo/FOODON_03311297,None
244,white peppercorn ,http://purl.obolibrary.org/obo/FOODON_00003762,A riped berry fruit of a white pepper plant.
245,white raisin ,http://purl.obolibrary.org/obo/FOODON_03311062,None
246,williams pear ,http://purl.obolibrary.org/obo/FOODON_00003575,"A pome fruit of a williams bon chrétien pear plant, cultivar of a common pear."
247,winter squash ,http://purl.obolibrary.org/obo/FOODON_00003946,A pepo fruit of a winter squash plant harvested in the fall.
248,wood apple ,http://purl.obolibrary.org/obo/FOODON_03311596,"The fruit is a berry 5–9 cm diameter, and may be sweet or sour. It has a very hard rind which can be difficult to crack open, it appears greenish-brown in colour from outside and contains sticky brown pulp and small white seeds."
249,yellow bell pepper ,http://purl.obolibrary.org/obo/FOODON_00003012,None
250,yellow plum ,http://purl.obolibrary.org/obo/FOODON_03311303,A drupe fruit of a yellow plum plant (Prunus americana).
251,yellow summer squash ,http://purl.obolibrary.org/obo/FOODON_00003709,A yellow colored cultivated variety of summer squash plant.
252,yellow tomato ,http://purl.obolibrary.org/obo/FOODON_03000142,A berry fruit of a yellow tomato plant.
253,youngberry ,http://purl.obolibrary.org/obo/FOODON_00003566,"A drupelet fruit of a youngberry plant which is a hybrid between three different species; the raspberries, blackberries, and dewberries from the genus Rubus."
254,yuzu ,http://purl.obolibrary.org/obo/FOODON_00003732,A hesperidium fruit of a yuzu plant (Citrus junos)
255,zucca melon ,http://purl.obolibrary.org/obo/FOODON_00003780,A pepo fruit of a Calabash melon plant (Lagenaria siceraria).
256,zucchini squash ,http://purl.obolibrary.org/obo/FOODON_03310943,None
